<?xml version="1.0" encoding="UTF-8"?>
<automan xmlns="http://org.jason.automan/schema/automan"
         xmlns:xsi="http://www.w3.org/2001/XMLSchema-instance"
         xsi:schemaLocation="http://org.jason.automan/schema/automan http://org.jason.automan/schema/automan/automan.xsd">

    <project id="UserRegQuestion" project-name="service-user_jhd" project-dir="/Users/karen/UserRegQuestion"
             package-name="com.hans.jhd.service.user.jhd">
        <datasource id="datasourceConfig">
            <database-config env="PROD" db-name="prod_tags" host="127.0.0.1" port="3306" username="root"
                             password="123"/>
            <database-config env="BETA" db-name="beta_tags" host="127.0.0.1" port="3306" username="root"
                             password="123"/>
            <database-config env="ALPHA" db-name="alpha_tags" host="127.0.0.1" port="3306" username="root"
                             password="123"/>
            <database-config env="DEV" db-name="dev_tags" host="127.0.0.1" port="3306" username="root" password="123"/>
        </datasource>

        <dubbo id="prodDubboConfig" service-name="domain-tags">
            <dubbo-config env="PROD" port="20880" zk-address="127.0.0.1:2181" group="daq.prod"/>
            <dubbo-config env="BETA" port="20880" zk-address="127.0.0.1:2181" group="daq.beta"/>
            <dubbo-config env="ALPHA" port="20880" zk-address="127.0.0.1:2181" group="daq.alpha"/>
            <dubbo-config env="DEV" port="20880" zk-address="127.0.0.1:2181" group="daq.dev"/>
        </dubbo>

        <log4j-elk id="log4jForELK">
            <log4j-elk-cfg env="PROD" port="8890" host="127.0.0.1" reconn-delay="50000"/>
            <log4j-elk-cfg env="BETA" port="8890" host="127.0.0.1" reconn-delay="50000"/>
            <log4j-elk-cfg env="ALPHA" port="8890" host="127.0.0.1" reconn-delay="50000"/>
            <log4j-elk-cfg env="DEV" port="8890" host="127.0.0.1" reconn-delay="50000"/>
        </log4j-elk>

        <data-table id="UserRegQuestionTable" name="user_reg_question" desc="用户注册测试题记录表" class-name="UserRegQuestion" is-domain="true"
                    binding-domain="UserRegQuestion">
            <column name="account_id" jdbcType="BIGINT" property="accountId" desc="答题用户的id"/>
            <column name="question_id" jdbcType="BIGINT" property="questionId" desc="测试题id，目前后台不维护测试题内容答案。11表示女生题目1，21表示男生题目1"/>
            <column name="question" jdbcType="VARCHAR" property="question" desc="问题内容"/>
            <column name="answer" jdbcType="VARCHAR" property="answer" desc="用户答案"/>
            <column name="state" jdbcType="TINYINT" property="state" desc="删除状态，1正常，0已删除"/>
        </data-table>

    </project>


</automan>
